tf_id,plant_date,area,trees,date,FID,LSOA11CD,LSOA11NM,LSOA11NMW,BNG_E,BNG_N,LONG,LAT,Shape__Area,Shape__Length,GlobalID,lower_super_output_area_2011_name,rural_urban_classification_2011_code,rural_urban_classification_2011_10_fold,rural_urban_classification_2011_2_fold,lat,lon
85,14 March 2020,207,,2020-03-14,28053,E01028787,West Oxfordshire 011C,West Oxfordshire 011C,440202,208621,-1.41871,51.77482,27879998.1242752,36423.6149088215,a7863ca8-1f47-47df-966c-d9fe5a27fda8,West Oxfordshire 011C,D1 ,Rural town and fringe ,Rural,51.777889,-1.469139
86,28 January 2021,201,,2021-01-28,27812,E01028537,Oxford 006D,Oxford 006D,454210,207507,-1.21587,51.76363,755716.864212036,3955.85817683492,70b927c9-5f92-4bb7-8a16-acc68f8dd86e,Oxford 006D,C1  ,Urban city and town  ,Urban,51.769139,-1.215472
87,04 February 2021,206,,2021-02-04,27821,E01028546,Oxford 014B,Oxford 014B,452985,204595,-1.23407,51.73757,545502.780380249,3334.01152657445,af7b3c46-5483-4b46-a078-76fff5ab4889,Oxford 014B,C1  ,Urban city and town  ,Urban,51.734778,-1.239861
88,04 February 2021,205,,2021-02-04,14246,E01014689,Bristol 002B,Bristol 002B,358332,178417,-2.60171,51.50314,273877.61435318,2543.77312575755,6f0d2ea7-a4ab-4bd9-b0b3-c383644058a7,Bristol 002B,C1  ,Urban city and town  ,Urban,51.500278,-2.600333
91,26 February 2021,205,,2021-02-26,13372,E01013785,Leicester 020D,Leicester 020D,455728,304692,-1.17793,52.63714,1037111.79878235,4305.75910883865,9ceda9fb-ec7a-453e-82c4-e527ad741f91,Leicester 020D,C1  ,Urban city and town  ,Urban,52.632139,-1.174139
94,11 March 2021,205,,2021-03-11,30586,E01031378,Adur 007D,Adur 007D,520235,104595,-0.29413,50.8284,745119.254535675,3654.84517920845,10503cd2-4d6e-42e2-8a5e-b65f3d991a61,Adur 007D,C1  ,Urban city and town  ,Urban,50.828,-0.298167
95,10 March 2021,205,,2021-03-10,10164,E01010470,Wolverhampton 020E,Wolverhampton 020E,390221,298113,-2.14574,52.58075,304836.465950012,2606.2096763913,2c7aa377-4e2b-41ab-a625-69cf6de3d8ef,Wolverhampton 020E,A1,Urban major conurbation ,Urban,52.582056,-2.146194
96,11 March 2021,205,,2021-03-11,15072,E01015536,Swindon 024D,Swindon 024D,415476,182273,-1.77824,51.53914,3439033.78273773,13940.4935793714,674af67d-667b-42d2-8e6f-d766a8705204,Swindon 024D,C1  ,Urban city and town  ,Urban,51.542778,-1.786361
97,18 March 2021,209,,2021-03-18,3656,E01003740,Redbridge 031D,Redbridge 031D,545404,186182,0.096012,51.55579,446169.393966675,3861.70595690724,56ac9831-435b-4e37-b885-ba5d196ed082,Redbridge 031D,A1,Urban major conurbation ,Urban,51.556861,0.09075
98,26 March 2021,202,,2021-03-26,15848,E01016323,West Berkshire 012C,West Berkshire 012C,446047,168986,-1.33919,51.41802,2849005.17974854,10984.9855554197,10441c64-5245-4179-be1b-c442d19f8935,West Berkshire 012C,C1  ,Urban city and town  ,Urban,51.404913,-1.341047
99,25 March 2021,207,,2021-03-25,7385,E01007582,Doncaster 016B,Doncaster 016B,455542,404534,-1.16348,53.53455,262729.815139771,2154.97457291115,c0f8cf84-e5f8-44e7-8d04-5fb4ca80b218,Doncaster 016B,B1,Urban minor conurbation,Urban,53.535333,-1.167639
100,26 March 2021,204,,2021-03-26,7179,E01007371,Barnsley 022C,Barnsley 022C,445253,403735,-1.31881,53.52835,1010455.12574768,4894.07171158417,a0f7eabb-7135-40a1-9f27-73a5e2ba1faf,Barnsley 022C,B1,Urban minor conurbation,Urban,53.526,-1.309611
138,24 November 2021,202,,2021-11-24,10428,E01010736,Bradford 048D,Bradford 048D,416538,431570,-1.75051,53.78021,416072.855697632,2616.04776466839,08a259e0-5a05-43fa-a7fe-262c20d8c64d,Bradford 048D,A1,Urban major conurbation ,Urban,53.778685,-1.749937
139,16 November 2021,205,,2021-11-16,7077,E01007269,Wirral 010C,Wirral 010C,331377,390494,-3.03371,53.40679,1150025.61401367,6429.37639888641,2919c0dc-b45b-4c34-aa1e-a9a551f9ec57,Wirral 010C,A1,Urban major conurbation ,Urban,53.407195,-3.026452
141,26 November 2021,196,,2021-11-26,15805,E01016280,West Berkshire 013B,West Berkshire 013B,449174,167636,-1.29441,51.40562,455044.148262024,3561.69613316269,92f2baf1-7768-4aa6-9f20-ce7b3df237f7,West Berkshire 013B,C1  ,Urban city and town  ,Urban,51.405195,-1.292495
142,11 November 2021,205,,2021-11-11,25042,E01025713,Charnwood 010E,Charnwood 010E,452925,318388,-1.21715,52.76053,471335.226409912,3639.20864803413,50b46d06-ab20-46a9-ad67-70669d5769e2,Charnwood 010E,C1  ,Urban city and town  ,Urban,52.76141,-1.22103
143,29 November 2021,204,,2021-11-29,10118,E01010424,Wolverhampton 022D,Wolverhampton 022D,395060,297751,-2.07432,52.57756,378899.17754364,3288.16020523461,a583f5ce-8513-4a70-9457-7eda84f26edb,Wolverhampton 022D,A1,Urban major conurbation ,Urban,52.577909,-2.076385
144,20 November 2021,205,,2021-11-20,13477,E01013893,Nottingham 001C,Nottingham 001C,455552,345320,-1.17364,53.00234,513414.311004639,2910.7699767435,65575c6c-0542-4f35-9aa8-6303e6dc6cdc,Nottingham 001C,B1,Urban minor conurbation,Urban,53.002925,-1.16985
145,15 December 2021,205,,2021-12-15,13466,E01013882,Nottingham 002D,Nottingham 002D,454088,345683,-1.19539,53.00575,406266.589660645,3438.49941717381,0347af28-fb72-4039-a906-3bb8b06ac07a,Nottingham 002D,B1,Urban minor conurbation,Urban,53.009963,-1.197738
146,06 November 2021,200,,2021-11-06,13473,E01013889,Nottingham 004C,Nottingham 004C,455032,344978,-1.18145,52.99932,479644.130157471,2951.50771052396,0d0411f3-0b9a-4516-b4b0-0ccf5e2120b9,Nottingham 004C,B1,Urban minor conurbation,Urban,52.997873,-1.179789
147,08 December 2021,209,,2021-12-08,10780,E01011094,Kirklees 035B,Kirklees 035B,416520,417362,-1.75153,53.65251,365457.441802979,2595.98440169642,2fbf5a4f-287d-4b93-b904-9c0fa5d3ce8f,Kirklees 035B,A1,Urban major conurbation ,Urban,53.65228,-1.748164
148,17 November 2021,207,,2021-11-17,7043,E01007235,Wirral 004B,Wirral 004B,330522,392738,-3.04707,53.42685,293343.172821045,2344.22317725986,2f0cd7cb-8126-4857-8892-f8b63275a174,Wirral 004B,A1,Urban major conurbation ,Urban,53.424427,-3.042737
149,06 December 2021,206,,2021-12-06,27927,E01028657,South Oxfordshire 006E,South Oxfordshire 006E,454361,201585,-1.21461,51.71037,4028384.67025757,11573.7471741847,a4d356cf-7fdb-4e4d-b10b-f306757bb2c2,South Oxfordshire 006E,C1  ,Urban city and town  ,Urban,51.718875,-1.231499
150,10 February 2022,200,,2022-02-10,31119,E01031918,Wiltshire 011E,Wiltshire 011E,392815,173554,-2.1048,51.46091,905879.982330322,4120.92595911859,fce3f512-8753-41cc-bc0a-f3e634227493,Wiltshire 011E,C1  ,Urban city and town  ,Urban,51.457095,-2.106602
151,25 February 2022,175,,2022-02-25,1269,E01001288,Ealing 022B,Ealing 022B,515406,181079,-0.33814,51.51685,99045.6950683594,1417.66788986537,10735c0b-564f-4f97-ab74-638071f225e2,Ealing 022B,A1,Urban major conurbation ,Urban,51.516779,-0.337057
164,26 March 2021,202,,2021-03-26,15848,E01016323,West Berkshire 012C,West Berkshire 012C,446047,168986,-1.33919,51.41802,2849005.17974854,10984.9855554197,10441c64-5245-4179-be1b-c442d19f8935,West Berkshire 012C,C1  ,Urban city and town  ,Urban,51.40505,-1.341114
165,15 March 2022,202,,2022-03-15,3560,E01003641,Redbridge 013C,Redbridge 013C,545506,188753,0.098546,51.57886,229453.501876831,2883.73668559861,e5468bd6-752c-4452-907b-4bcccfabae04,Redbridge 013C,A1,Urban major conurbation ,Urban,51.5785149,0.096954
168,28 February 2022,208,,2022-02-28,3170,E01003239,Lewisham 037D,Lewisham 037D,539384,171791,0.003557,51.42799,206256.032051086,1958.05402540163,ba507c8d-072d-45f7-90a5-2ec1d597e149,Lewisham 037D,A1,Urban major conurbation ,Urban,51.427743,0.005939
170,21 March 2022,204,,2022-03-21,7288,E01007485,Doncaster 017C,Doncaster 017C,463753,403872,-1.03975,53.52767,1707333.79466248,6202.85198080865,7ba23f15-21e8-4671-81c6-f0ab8e7e1e2b,Doncaster 017C,B1,Urban minor conurbation,Urban,53.530082,-1.033692
171,23 February 2022,205,,2022-02-23,17924,E01018459,Cheshire East 036A,Cheshire East 036A,369626,357169,-2.4552,53.11085,257906.0727005,2048.85850832767,fa543016-e740-4023-be7b-1331cf791473,Cheshire East 036A,C1  ,Urban city and town  ,Urban,53.110708,-2.457967
172,25 March 2022,200,,2022-03-25,12295,E01012687,Blackpool 014B,Blackpool 014B,334644,433936,-2.9937,53.79762,549986.880828857,3416.05891529247,fec31a59-e23c-4045-8b98-b5b3d83d9c19,Blackpool 014B,C1  ,Urban city and town  ,Urban,53.797216,-2.996618
174,02 February 2022,201,,2022-02-02,10118,E01010424,Wolverhampton 022D,Wolverhampton 022D,395060,297751,-2.07432,52.57756,378899.17754364,3288.16020523461,a583f5ce-8513-4a70-9457-7eda84f26edb,Wolverhampton 022D,A1,Urban major conurbation ,Urban,52.576195,-2.073685
175,21 January 2022,204,,2022-01-21,28747,E01029500,Lichfield 005D,Lichfield 005D,411628,311229,-1.82936,52.69863,578049.734069824,3801.48896085687,1cf9af49-5963-492f-90e6-69a3c82473b4,Lichfield 005D,C1  ,Urban city and town  ,Urban,52.698821,-1.832111
176,18 January 2022,205,,2022-01-18,28765,E01029519,Lichfield 007E,Lichfield 007E,412086,308897,-1.82267,52.67765,529443.905158997,3390.37946271856,b5631a62-c24e-4817-9894-49f9f44fd05b,Lichfield 007E,C1  ,Urban city and town  ,Urban,52.679149,-1.823257
177,17 January 2022,209,,2022-01-17,28772,E01029526,Lichfield 004E,Lichfield 004E,411899,309665,-1.82541,52.68456,643601.443405151,4061.38278549439,c19e76be-930c-4f6f-ad9d-d25439bf63de,Lichfield 004E,C1  ,Urban city and town  ,Urban,52.686275,-1.819246
179,19 January 2022,201,,2022-01-19,28722,E01029475,Lichfield 009A,Lichfield 009A,406155,309097,-1.91039,52.67955,453176.200523376,2761.47451556643,f2b931d7-0cdf-4312-916f-5573c2cf043b,Lichfield 009A,A1,Urban major conurbation ,Urban,52.680666,-1.912416
180,20 January 2022,207,,2022-01-20,28737,E01029490,Lichfield 009D,Lichfield 009D,404937,309596,-1.92839,52.68405,398362.313461304,2531.82927376976,cbcc25a6-4c5f-4c27-831b-cbfbc6f1dc8b,Lichfield 009D,A1,Urban major conurbation ,Urban,52.687002,-1.928311
181,10 January 2022,201,,2022-01-10,10020,E01010326,Walsall 029A,Walsall 029A,402665,298275,-1.96209,52.58229,647102.906188965,3586.94007437587,4571942d-c93c-4caf-a15c-0424dcdc4289,Walsall 029A,A1,Urban major conurbation ,Urban,52.5835074146028,-1.95846134109726
182,11 January 2022,205,,2022-01-11,10019,E01010325,Walsall 024C,Walsall 024C,402120,299772,-1.97013,52.59575,717478.5991745,3548.27650126309,d2be94b5-cffe-415b-999c-c387d2ba7530,Walsall 024C,A1,Urban major conurbation ,Urban,52.594506,-1.975394
183,13 January 2022,210,,2022-01-13,9963,E01010265,Walsall 033D,Walsall 033D,398755,297266,-2.01979,52.57322,923482.046760559,4397.76782716207,09bbe0f5-179b-4e57-8d58-5a85ae22ac7d,Walsall 033D,A1,Urban major conurbation ,Urban,52.569163,-2.019838
184,13 January 2022,210,,2022-01-13,10005,E01010311,Walsall 036C,Walsall 036C,397903,296180,-2.03236,52.56346,431144.028327942,3203.36618739772,a947fe86-833f-497c-b1c1-684d47878d85,Walsall 036C,A1,Urban major conurbation ,Urban,52.561783,-2.02768
185,14 January 2022,204,,2022-01-14,10095,E01010401,Walsall 025A,Walsall 025A,395268,298907,-2.07127,52.58796,447228.14956665,2689.11253543318,d5e05fb9-f25a-4930-aea7-a5830ad0e9b9,Walsall 025A,A1,Urban major conurbation ,Urban,52.5867924941756,-2.06688092579331
186,11 January 2022,206,,2022-01-11,10012,E01010318,Walsall 024B,Walsall 024B,401628,299279,-1.97739,52.59132,469830.873641968,3375.24879592548,b5574988-f915-4bd9-8f56-594325e3d1cf,Walsall 024B,A1,Urban major conurbation ,Urban,52.592255,-1.976424
187,24 January 2022,210,,2022-01-24,9698,E01009998,Sandwell 010F,Sandwell 010F,399973,293378,-2.00182,52.53827,513413.642715454,3157.05789658569,b82f62d5-e8a9-4121-8094-69afb710dff7,Sandwell 010F,A1,Urban major conurbation ,Urban,52.541429,-1.993279
188,10 January 2022,205,,2022-01-10,10082,E01010388,Walsall 022E,Walsall 022E,406829,299266,-1.90062,52.59116,2450343.24287415,9339.29827772312,0ba0f3ba-0069-4e87-9317-573162842b69,Walsall 022E,A1,Urban major conurbation ,Urban,52.577422,-1.909467
189,12 January 2022,202,,2022-01-12,9984,E01010290,Walsall 006D,Walsall 006D,400235,303892,-1.99795,52.63279,1222740.24576569,5574.1865978836,2fe69882-9c85-4728-b446-3445b490f284,Walsall 006D,A1,Urban major conurbation ,Urban,52.6302218963334,-1.99648580515203
190,12 January 2022,205,,2022-01-12,32052,E01032888,Walsall 018F,Walsall 018F,401842,300953,-1.97422,52.60637,1306366.08472443,5997.33166985263,9f61c83a-c3f9-437d-baae-b207127c256e,Walsall 018F,A1,Urban major conurbation ,Urban,52.607959,-1.97451
191,29 January 2022,205,,2022-01-29,8767,E01009012,Birmingham 028C,Birmingham 028C,411471,291361,-1.83237,52.52002,297560.896835327,2198.66100084915,425950ff-33a1-46e3-948a-1f81ac13e3e1,Birmingham 028C,A1,Urban major conurbation ,Urban,52.52012971648072,-1.8310739156350504
192,26 January 2022,201,,2022-01-26,8719,E01008959,Birmingham 116A,Birmingham 116A,403947,279880,-1.94338,52.41691,480526.323814392,2586.92929154009,b510c9f7-760d-48e4-89b7-6ce714ad95a5,Birmingham 116A,A1,Urban major conurbation ,Urban,52.418404,-1.942526
194,31 January 2022,204,,2022-01-31,10249,E01010555,Wolverhampton 005A,Wolverhampton 005A,395920,301793,-2.06168,52.61391,342099.794921875,2765.2470254955,317f3afc-bf99-410d-bd7a-990f04de7329,Wolverhampton 005A,A1,Urban major conurbation ,Urban,52.615857,-2.059127
195,02 February 2022,200,,2022-02-02,10217,E01010523,Wolverhampton 013B,Wolverhampton 013B,389700,300095,-2.15349,52.59856,355419.950134277,2551.65525947607,3ea6fec7-903f-4e24-909d-ebf160d36dcc,Wolverhampton 013B,A1,Urban major conurbation ,Urban,52.595457,-2.148854
196,03 February 2022,205,,2022-02-03,10123,E01010429,Wolverhampton 035C,Wolverhampton 035C,391227,296943,-2.13086,52.57025,160263.888557434,2262.17827874432,427663c7-531b-45de-b279-b7f65910fde5,Wolverhampton 035C,A1,Urban major conurbation ,Urban,52.56972,-2.12896
197,04 February 2022,204,,2022-02-04,10170,E01010476,Wolverhampton 015E,Wolverhampton 015E,393667,300015,-2.09492,52.5979,472439.373435974,3022.22735956445,368a2edd-4974-46ab-8274-fac5ebcdcf85,Wolverhampton 015E,A1,Urban major conurbation ,Urban,52.597139,-2.101722
198,03 February 2022,208,,2022-02-03,10104,E01010410,Wolverhampton 033A,Wolverhampton 033A,395165,295763,-2.07274,52.55969,896770.291152954,4616.55009797982,1bc1e382-a787-45ed-af78-ab85862fa471,Wolverhampton 033A,A1,Urban major conurbation ,Urban,52.561380353055256,-2.074920820108497
199,04 February 2022,207,,2022-02-04,10184,E01010490,Wolverhampton 028B,Wolverhampton 028B,388566,296713,-2.17011,52.56813,314467.929222107,2188.39499439209,7e9bf97d-a3b8-4497-9c33-7342899898cb,Wolverhampton 028B,A1,Urban major conurbation ,Urban,52.565599,-2.170968
202,19 February 2022,200,,2022-02-19,465,E01000470,Bexley 002F,Bexley 002F,547637,180057,0.125635,51.50017,334608.98828125,3207.55843084116,62055b41-7c13-433c-8370-41b86e11fe66,Bexley 002F,A1,Urban major conurbation ,Urban,51.502237,0.127549
203,24 February 2022,205,,2022-02-24,207,E01000211,Barnet 035C,Barnet 035C,525054,189256,-0.19626,51.58829,289053.225257874,3358.6855128136,7ee0d49e-36d1-4efd-8c10-2c677d3654cf,Barnet 035C,A1,Urban major conurbation ,Urban,51.589091,-0.196905
204,01 March 2022,196,,2022-03-01,1867,E01001913,Hammersmith and Fulham 014C,Hammersmith and Fulham 014C,524474,177763,-0.20869,51.48513,133626.253890991,1515.59721498249,5d3104a6-4d53-419c-a917-499fbed39076,Hammersmith and Fulham 014C,A1,Urban major conurbation ,Urban,51.484673,-0.205553
205,17 March 2022,203,,2022-03-17,30492,E01031283,Warwick 004C,Warwick 004C,423536,270801,-1.656,52.33481,19655636.1469879,29353.4302942739,4f4aa40c-6d5b-499f-89fd-17811b35bc8c,Warwick 004C,E1,Rural village and dispersed,Rural,52.321905,-1.671257
206,14 February 2022,209,,2022-02-14,31717,E01032528,Coventry 035H,Coventry 035H,436724,277513,-1.46173,52.39442,469642.263336182,3096.51131834458,3957bfbc-9efe-495d-a596-73eabee9cbb1,Coventry 035H,C1  ,Urban city and town  ,Urban,52.3930237811975,-1.46405264955692
207,15 February 2022,201,,2022-02-15,9357,E01009647,Coventry 017C,Coventry 017C,432136,279627,-1.52895,52.41372,511092.968803406,3004.46229245316,db7b961e-3f4a-4ae0-9948-ea8814135a0d,Coventry 017C,C1  ,Urban city and town  ,Urban,52.415305,-1.528072
208,14 February 2022,210,,2022-02-14,31353,E01032157,Bromsgrove 011B,Bromsgrove 011B,396456,271008,-2.05343,52.33715,567045.649353027,3776.75047248165,fe4b1909-bb9d-45e4-a98d-cb9a9f4fa2f4,Bromsgrove 011B,C1  ,Urban city and town  ,Urban,52.338248,-2.051136
209,17 February 2022,210,,2022-02-17,28978,E01029734,Stafford 016C,Stafford 016C,392829,321354,-2.10777,52.78972,683686.396026611,4272.98017823699,95e666c3-7582-45c6-b901-a34a0b01ecdb,Stafford 016C,C1  ,Urban city and town  ,Urban,52.79032,-2.108104
210,15 February 2022,210,,2022-02-15,30287,E01031073,Nuneaton and Bedworth 002C,Nuneaton and Bedworth 002C,434005,293353,-1.50008,52.537,803629.39591217,4697.73017640402,09d3670e-c3bd-4750-8521-d806fb2a2083,Nuneaton and Bedworth 002C,C1  ,Urban city and town  ,Urban,52.534757,-1.499698
211,06 April 2022,200,,2022-04-06,84,E01000087,Barking and Dagenham 020B,Barking and Dagenham 020B,549302,183523,0.151071,51.53088,379558.917114258,2931.7477727359,9d836de0-0530-4a00-8414-e39679da25a4,Barking and Dagenham 020B,A1,Urban major conurbation ,Urban,51.526791,0.147647
212,07 March 2022,200,,2022-03-07,15074,E01015538,Swindon 016A,Swindon 016A,417656,184734,-1.74668,51.56121,351842.190803528,3876.56096841502,2000283d-8df2-478d-b8f3-ad2455873f08,Swindon 016A,C1  ,Urban city and town  ,Urban,51.562319,-1.750489
214,26 March 2022,201,,2022-03-26,17452,E01017972,Cambridge 003C,Cambridge 003C,547259,260235,0.154339,52.22065,392088.383865356,2973.22086724115,6e3ae5ae-0ac5-4619-b416-11376aedd4db,Cambridge 003C,C1  ,Urban city and town  ,Urban,52.221545,0.152687
215,23 March 2022,205,,2022-03-23,17480,E01018002,Cambridge 012A,Cambridge 012A,544627,255114,0.113653,52.17534,2367202.73982239,7812.82956361878,5fad102f-b9e1-4d3e-878e-130e2ce87f32,Cambridge 012A,C1  ,Urban city and town  ,Urban,52.176945,0.11985
216,24 March 2022,206,,2022-03-24,17455,E01017975,Cambridge 001A,Cambridge 001A,545754,261055,0.132677,52.22842,234667.58895874,2079.39936844443,428262cb-e657-4fdb-81e9-aa6a442cd698,Cambridge 001A,C1  ,Urban city and town  ,Urban,52.227131,0.133424
217,16 March 2022,200,,2022-03-16,26758,E01027465,Northumberland 033B,Northumberland 033B,417505,574318,-1.72747,55.06304,18884240.8570557,27141.1888943148,5b3a2dcc-1b7a-436a-818d-9ef2b75b7955,Northumberland 033B,C1  ,Urban city and town  ,Urban,55.054037,-1.73862
218,21 February 2022,205,,2022-02-21,9492,E01009789,Dudley 007C,Dudley 007C,391631,292291,-2.12478,52.52843,348762.861305237,2811.01976107121,d4c83c81-9831-46e4-80c8-65b2f7fa6512,Dudley 007C,A1,Urban major conurbation ,Urban,52.5291723224922,-2.11865934332309
219,22 February 2022,203,,2022-02-22,9559,E01009856,Dudley 035A,Dudley 035A,390781,284017,-2.13708,52.45404,584922.756584167,3941.47127722271,5eabf264-8fef-478a-93f0-c32dc1d02551,Dudley 035A,A1,Urban major conurbation ,Urban,52.452385,-2.136802
220,24 February 2022,209,,2022-02-24,9545,E01009842,Dudley 018B,Dudley 018B,394538,288353,-2.08187,52.49307,335506.204368591,2348.92989116795,8b3667cd-8932-41b6-8f00-9762bcc75e09,Dudley 018B,A1,Urban major conurbation ,Urban,52.493109,-2.078593
221,25 February 2022,204,,2022-02-25,9451,E01009746,Dudley 022C,Dudley 022C,392235,287818,-2.11577,52.48823,911896.883430481,4175.1099802589,96371607-80b1-465a-8db6-db3f71112280,Dudley 022C,A1,Urban major conurbation ,Urban,52.484909,-2.124418
222,07 April 2022,201,,2022-04-07,9197,E01009476,Birmingham 055B,Birmingham 055B,411374,287269,-1.83393,52.48324,315564.463684082,2269.62537454074,295d7fea-0d04-4a05-a4aa-90093791e67b,Birmingham 055B,A1,Urban major conurbation ,Urban,52.483547,-1.834239
224,08 March 2022,200,,2022-03-08,10129,E01010435,Wolverhampton 006A,Wolverhampton 006A,391604,301406,-2.12541,52.61038,879228.224655151,4195.40034244636,46a43e79-a5f8-4f5d-98c5-d8c52fee8490,Wolverhampton 006A,A1,Urban major conurbation ,Urban,52.61622,-2.128933
225,11 March 2022,207,,2022-03-11,28944,E01029700,Stafford 011B,Stafford 011B,393625,322139,-2.09598,52.79679,1062437.15965271,4844.78188962391,c150e135-1477-4161-b3b6-2282c831ec3f,Stafford 011B,C1  ,Urban city and town  ,Urban,52.800133,-2.089367
226,28 February 2022,202,,2022-02-28,25183,E01025855,Hinckley and Bosworth 011C,Hinckley and Bosworth 011C,440983,293669,-1.39716,52.53936,295246.615539551,2675.57697084471,f0858c62-14f5-4d0a-83bf-7bb97f197e0f,Hinckley and Bosworth 011C,C1  ,Urban city and town  ,Urban,52.538881,-1.397622
227,02 March 2022,205,,2022-03-02,25189,E01025861,Hinckley and Bosworth 009C,Hinckley and Bosworth 009C,442465,295304,-1.3751,52.55394,567863.13974762,5546.16921777282,3e42e0b5-3415-4e02-9156-74e2ec4b2f93,Hinckley and Bosworth 009C,C1  ,Urban city and town  ,Urban,52.55507,-1.370149
228,04 March 2022,202,,2022-03-04,24953,E01025621,Blaby 010D,Blaby 010D,446910,295816,-1.30948,52.55818,10115448.4809952,22962.7639142794,a62378f5-d705-4845-9029-8ed13f04f8ee,Blaby 010D,C1  ,Urban city and town  ,Urban,52.550626,-1.336776
229,01 March 2022,205,,2022-03-01,25190,E01025862,Hinckley and Bosworth 009D,Hinckley and Bosworth 009D,444103,295076,-1.35098,52.55176,1670504.08200836,5049.05360657288,42de897e-ddb8-4887-97e4-bb472b729dd9,Hinckley and Bosworth 009D,C1  ,Urban city and town  ,Urban,52.551111,-1.362255
230,03 March 2022,205,,2022-03-03,25182,E01025854,Hinckley and Bosworth 011B,Hinckley and Bosworth 011B,441181,294232,-1.39417,52.5444,446043.964729309,2732.36256392441,adb04d87-172d-45d4-a7ed-0efa4527750a,Hinckley and Bosworth 011B,C1  ,Urban city and town  ,Urban,52.545247,-1.389992
232,30 March 2022,207,,2022-03-30,9487,E01009784,Dudley 009B,Dudley 009B,392615,290780,-2.11024,52.51487,313991.497459412,2324.50770642804,254e58e0-6a3b-4e92-99c4-32b1499d71e3,Dudley 009B,A1,Urban major conurbation ,Urban,52.514469,-2.112841
233,17 March 2022,210,,2022-03-17,31625,E01032435,Wyre Forest 004B,Wyre Forest 004B,383458,277045,-2.24449,52.39118,378272.344032288,3259.04943010893,279219c1-09f0-4c20-9b74-d5a6b3e57c62,Wyre Forest 004B,C1  ,Urban city and town  ,Urban,52.391847,-2.241009
234,07 April 2022,210,,2022-04-07,8989,E01009253,Birmingham 080D,Birmingham 080D,399950,284494,-2.00215,52.45841,492850.754905701,3411.73989057573,cb745a04-80ea-41b5-90ce-03f084bb484b,Birmingham 080D,A1,Urban major conurbation ,Urban,52.455751,-2.001718
235,07 April 2022,210,,2022-04-07,10246,E01010552,Wolverhampton 019D,Wolverhampton 019D,387370,297958,-2.18781,52.5793,622374.298088074,3437.26563794838,0b9ce95d-8024-4e98-afb0-1281fa40e73d,Wolverhampton 019D,A1,Urban major conurbation ,Urban,52.582645,-2.188287
236,28 March 2022,206,,2022-03-28,30392,E01031181,Rugby 004E,Rugby 004E,438528,273659,-1.43566,52.35965,9044509.78133392,14058.9294368497,bb26f6ad-a3af-4735-8532-4095c7dec8e9,Rugby 004E,D1 ,Rural town and fringe ,Rural,52.363456,-1.439056
237,21 March 2022,206,,2022-03-21,10118,E01010424,Wolverhampton 022D,Wolverhampton 022D,395060,297751,-2.07432,52.57756,378899.17754364,3288.16020523461,a583f5ce-8513-4a70-9457-7eda84f26edb,Wolverhampton 022D,A1,Urban major conurbation ,Urban,52.576195,-2.073685
238,31 March 2022,203,,2022-03-31,31323,E01032127,Bromsgrove 007A,Bromsgrove 007A,395761,273222,-2.06366,52.35705,956430.085006714,5705.31345386926,ff6c9bcf-e72d-42c9-97fd-4b2a4af2ad24,Bromsgrove 007A,C1  ,Urban city and town  ,Urban,52.360015,-2.06217
239,06 April 2022,208,,2022-04-06,8696,E01008936,Birmingham 111C,Birmingham 111C,408016,280821,-1.88353,52.42533,308943.707244873,2331.7965747568,cca98a43-d490-4741-8d22-682b8b61eb75,Birmingham 111C,A1,Urban major conurbation ,Urban,52.422284,-1.881578
242,30 March 2022,214,,2022-03-30,10144,E01010450,Wolverhampton 029B,Wolverhampton 029B,394204,296653,-2.08693,52.56768,581671.791793823,4033.98093176238,22901d74-c90f-45b7-a572-02b304f551ea,Wolverhampton 029B,A1,Urban major conurbation ,Urban,52.566945,-2.090502
243,19 March 2022,209,,2022-03-19,28898,E01029654,South Staffordshire 010A,South Staffordshire 010A,382061,299059,-2.26622,52.58904,17480648.2845688,21016.7501489366,c6978625-a187-4dfe-bbf3-0be93d7115e5,South Staffordshire 010A,D1 ,Rural town and fringe ,Rural,52.591738,-2.264747
245,01 April 2022,200,,2022-04-01,7293,E01007490,Doncaster 002D,Doncaster 002D,452792,413701,-1.20342,53.61722,15937484.7675476,26732.9312471223,50314837-3dab-499c-a69e-aed2687b5237,Doncaster 002D,E1,Rural village and dispersed,Rural,53.611046,-1.164036
246,14 March 2022,210,,2022-03-14,8668,E01008901,Birmingham 037C,Birmingham 037C,408084,289443,-1.88233,52.50284,873244.321739197,4347.4768556372,ed79c690-de32-43ca-a296-e921723726de,Birmingham 037C,A1,Urban major conurbation ,Urban,52.503316,-1.883135
247,16 March 2022,203,,2022-03-16,30283,E01031067,Nuneaton and Bedworth 014A,Nuneaton and Bedworth 014A,439305,286705,-1.42272,52.47688,516552.731498718,3919.46218505686,b1de8acd-1b1d-4af3-9fd6-c0a0a66dcad3,Nuneaton and Bedworth 014A,C1  ,Urban city and town  ,Urban,52.476982,-1.422557
248,18 March 2022,201,,2022-03-18,30471,E01031261,Warwick 013A,Warwick 013A,431656,264660,-1.53741,52.27919,372700.119812012,3480.62834577229,9746f02f-6d64-4424-978d-04339643e717,Warwick 013A,C1  ,Urban city and town  ,Urban,52.278016,-1.539299
249,15 March 2022,207,,2022-03-15,9086,E01009355,Birmingham 039E,Birmingham 039E,405338,289490,-1.92278,52.50329,276425.589866638,2195.96182747649,7391bd76-1d16-4620-a43b-187f47a2bf89,Birmingham 039E,A1,Urban major conurbation ,Urban,52.503211,-1.921354
250,31 March 2022,210,,2022-03-31,30468,E01031258,Warwick 001E,Warwick 001E,428901,271860,-1.57717,52.34407,298610.808380127,2761.56337818617,cf746828-6075-4017-a1d2-fcb3fff3172b,Warwick 001E,C1  ,Urban city and town  ,Urban,52.346297,-1.575018
252,14 April 2022,206,,2022-04-14,32050,E01032886,Solihull 029G,Solihull 029G,410832,275724,-1.84228,52.37946,5878740.62191772,18673.5383125842,4eedda54-b88f-488e-82b0-77bbfba82ad1,Solihull 029G,D1 ,Rural town and fringe ,Rural,52.393919,-1.82891
253,25 March 2022,208,,2022-03-25,13216,E01013623,Leicester 004E,Leicester 004E,456454,306678,-1.16687,52.65491,1064698.80404663,4969.51679968493,e3a32a55-da25-40d4-9a0f-dfb13184ffa6,Leicester 004E,C1  ,Urban city and town  ,Urban,52.661626,-1.167585
254,31 March 2022,200,,2022-03-31,32031,E01032863,Leicester 009F,Leicester 009F,463151,307406,-1.06774,52.66072,504151.447387695,3003.20137642643,15d1fb61-0fce-4a24-b9ac-4131774e2efb,Leicester 009F,C1  ,Urban city and town  ,Urban,52.6610553628471,-1.0690354564073
255,23 March 2022,213,,2022-03-23,13289,E01013698,Leicester 037B,Leicester 037B,463938,305859,-1.05641,52.64672,357737.688079834,2313.55039709655,248db0f4-4d79-48eb-93ed-e09182f346b8,Leicester 037B,C1  ,Urban city and town  ,Urban,52.647034,-1.053824
256,24 March 2022,206,,2022-03-24,13263,E01013672,Leicester 025E,Leicester 025E,463129,303919,-1.06873,52.62938,683558.635040283,3365.36691601375,9312f148-02da-4dde-93f7-20a8434880de,Leicester 025E,C1  ,Urban city and town  ,Urban,52.628473,-1.073571
257,24 March 2022,206,,2022-03-24,13314,E01013726,Leicester 012D,Leicester 012D,455827,305354,-1.17636,52.64308,654421.384429932,3364.46923787315,c9439994-f015-4f3e-b275-6fea7e0e2c86,Leicester 012D,C1  ,Urban city and town  ,Urban,52.642539,-1.173677
258,08 April 2022,206,,2022-04-08,13229,E01013636,Leicester 029B,Leicester 029B,457019,302035,-1.15932,52.61312,445031.540023804,2632.83065342716,6362fc49-6127-4aef-a94f-1165c4d34200,Leicester 029B,C1  ,Urban city and town  ,Urban,52.6111,-1.16135
259,09 April 2022,214,,2022-04-09,32313,E01033171,Derby 024E,Derby 024E,437770,334506,-1.43986,52.90668,1274386.09587097,6755.60159551064,6b1dcecb-9943-4bf9-9ab2-c7a122350467,Derby 024E,C1  ,Urban city and town  ,Urban,52.9084697960256,-1.44929677652072
260,09 April 2022,205,,2022-04-09,13110,E01013517,Derby 030B,Derby 030B,436810,331825,-1.45443,52.88265,519891.535263062,3886.79114825425,ec38b374-3907-458a-aed9-4884dbb69d83,Derby 030B,C1  ,Urban city and town  ,Urban,52.8815392834617,-1.45708103453227
261,05 April 2022,206,,2022-04-05,13228,E01013635,Leicester 029A,Leicester 029A,457233,302307,-1.15611,52.61554,325002.235397339,3020.75981185168,655e0c23-4ed6-498d-a3b1-d3b1703e9a58,Leicester 029A,C1  ,Urban city and town  ,Urban,52.618517,-1.155923
263,01 April 2022,197,,2022-04-01,9027,E01009294,Birmingham 099C,Birmingham 099C,403171,282028,-1.95477,52.43623,820757.401931763,4452.54372873843,1c23f5ac-4cb9-488e-ba2c-d79a3ce1d714,Birmingham 099C,A1,Urban major conurbation ,Urban,52.432099,-1.952364
264,19 April 2022,208,,2022-04-19,13286,E01013695,Leicester 037A,Leicester 037A,464084,306457,-1.05413,52.65208,443412.171569824,2769.78847786519,e9729cf6-b52b-4973-b5dc-7bc03721eafd,Leicester 037A,C1  ,Urban city and town  ,Urban,52.653263,-1.053784
265,11 April 2022,206,,2022-04-11,28758,E01029512,Lichfield 007C,Lichfield 007C,410235,309081,-1.85004,52.67935,2205352.97381592,6586.23741209455,0a9f79a6-0a36-4325-833a-969a30368583,Lichfield 007C,C1  ,Urban city and town  ,Urban,52.682113,-1.841198
287,08 April 2022,206,,2022-04-08,13216,E01013623,Leicester 004E,Leicester 004E,456454,306678,-1.16687,52.65491,1064698.80404663,4969.51679968493,e3a32a55-da25-40d4-9a0f-dfb13184ffa6,Leicester 004E,C1  ,Urban city and town  ,Urban,52.654316,-1.161236
288,14 April 2022,201,,2022-04-14,26333,E01027030,Daventry 001C,Daventry 001C,461305,277446,-1.10054,52.39163,50743994.7609787,41373.5564096252,3f9bbc61-efae-4177-9ec8-ffb23c713bd7,Daventry 001C,E1,Rural village and dispersed,Rural,52.416847,-1.12487
289,12 April 2022,200,,2022-04-12,30244,E01031028,North Warwickshire 007D,North Warwickshire 007D,424191,287046,-1.64522,52.48082,49155049.4418411,40038.0548031865,3d77f951-1ba6-4ef8-a514-131c5ceb1cfa,North Warwickshire 007D,E1,Rural village and dispersed,Rural,52.516688,-1.663106
290,28 March 2022,200,,2022-03-28,22071,E01022678,Eastleigh 006C,Eastleigh 006C,444047,118387,-1.37415,50.96322,281363.640079498,2726.07394339938,21bfcc11-5c6e-4936-90c1-30ee2d6d6140,Eastleigh 006C,C1  ,Urban city and town  ,Urban,50.964583,-1.371917
292,08 March 2022,200,,2022-03-08,11485,E01011837,Wakefield 015B,Wakefield 015B,445674,421814,-1.30982,53.6908,623983.487960815,3839.86594802347,e25cde31-b0ff-4d1d-955a-9c23fb5d770e,Wakefield 015B,C1  ,Urban city and town  ,Urban,53.686272,-1.302669
300,01 April 2022,100,,2022-04-01,33890,W01001081,The Vale of Glamorgan 007A,Bro Morgannwg 007A,312382,169490,-3.26139,51.41762,381402.654766083,2706.41387762658,9bc02207-b1a2-4097-9cbf-c50e40882e44,The Vale of Glamorgan 007A,C1  ,Urban city and town  ,Urban,51.419941,-3.257983
301,15 February 2021,100,,2021-02-15,33835,W01001025,Bridgend 003D,Pen-y-bont ar Ogwr 003D,294443,192328,-3.52612,51.61985,4646500.04987717,12262.8384908318,abb36030-6be2-4427-a655-49369802e6be,Bridgend 003D,D1 ,Rural town and fringe ,Rural,51.619003,-3.536827
303,09 March 2021,100,,2021-03-09,32990,W01000151,Conwy 005C,Conwy 005C,298520,379379,-3.52423,53.30162,1000205.30775452,5286.17031590117,5fb70aab-bec3-4b3d-82ba-6dd1f063a229,Conwy 005C,C1  ,Urban city and town  ,Urban,53.302289,-3.517093
304,08 February 2022,100,,2022-02-08,32878,W01000034,Isle of Anglesey 004B,Ynys Môn 004B,223039,383458,-4.6581,53.3184,2196091.9506073,11196.4591868668,3068e9f6-10f2-4078-84ad-9158a954b23e,Isle of Anglesey 004B,C2 ,Urban city and town in a sparse setting ,Urban,53.3125,-4.6425
305,28 February 2022,100,,2022-02-28,32933,W01000093,Gwynedd 006B,Gwynedd 006B,249069,363977,-4.25846,53.1515,2721964.00604248,9321.28998076213,064eea26-06cd-40e0-b081-e7a4873d6347,Gwynedd 006B,D1 ,Rural town and fringe ,Rural,53.15,-4.259167
313,27 October 2022,200,,2022-10-27,2053,E01002102,Haringey 007C,Haringey 007C,531284,191251,-0.10564,51.6048,374672.463600159,3204.15816182478,a4efa73e-dee3-411f-aa9c-82fedf70e8a8,Haringey 007C,A1,Urban major conurbation ,Urban,51.603463,-0.104395
315,16 December 2022,200,,2022-12-16,1417,E01001437,Enfield 014A,Enfield 014A,536544,197205,-0.02741,51.65705,2767737.34237671,8166.84549200842,673f9b19-c812-4523-ac1f-ffeb410575cd,Enfield 014A,A1,Urban major conurbation ,Urban,51.651119,-0.034409
316,22 November 2022,205,,2022-11-22,3205,E01003275,Lewisham 014C,Lewisham 014C,537270,174509,-0.02577,51.45293,208719.315048218,2006.59955323694,45c1d789-8e63-4c7d-b186-a90e00f32153,Lewisham 014C,A1,Urban major conurbation ,Urban,51.451466,-0.025275
319,01 March 2023,200,,2023-03-01,33643,W01000831,Swansea 013D,Abertawe 013D,263146,196305,-3.97949,51.64884,345871.960063934,3141.65881110154,9b500947-4baf-427f-94fd-14e161dc54fc,Swansea 013D,C1  ,Urban city and town  ,Urban,51.649139,-3.973721
320,21 March 2023,200,,2023-03-21,22835,E01023460,East Hertfordshire 008E,East Hertfordshire 008E,549003,219178,0.161975,51.85132,1550087.64121246,7909.28509691325,8a7957ee-b55e-4d79-88a8-70b3d3b95045,East Hertfordshire 008E,C1  ,Urban city and town  ,Urban,51.8516573640768,0.155275811345493
321,04 February 2023,200,,2023-02-04,18064,E01018600,Cheshire East 006A,Cheshire East 006A,385636,380014,-2.21707,53.31687,4461176.57485962,9238.25212622137,f5523f9a-514c-4d8f-b85e-5eb85b6a63c8,Cheshire East 006A,A1,Urban major conurbation ,Urban,53.318176,-2.228291
323,27 February 2023,197,,2023-02-27,17062,E01017573,Central Bedfordshire 024A,Central Bedfordshire 024A,493251,225048,-0.64558,51.91617,280604.82699585,2122.30354645767,e6ae05d9-dd89-415e-bbf0-9441b63264cd,Central Bedfordshire 024A,C1  ,Urban city and town  ,Urban,51.9141624,-0.6451367
324,08 February 2023,200,,2023-02-08,16913,E01017422,Central Bedfordshire 004B,Central Bedfordshire 004B,513694,246417,-0.34139,52.10442,8829347.99965668,19043.9160793122,07dc1d68-6c63-4791-83d4-22ad0d8e57bc,Central Bedfordshire 004B,E1,Rural village and dispersed,Rural,52.09693009,-0.29757559
326,17 December 2022,205,,2022-12-17,17114,E01017626,Central Bedfordshire 031D,Central Bedfordshire 031D,502396,220580,-0.51398,51.87441,429927.274940491,2978.233843616,e514d343-350a-4449-bffc-8f5b33fe60d0,Central Bedfordshire 031D,C1  ,Urban city and town  ,Urban,51.871505,-0.512358
327,23 March 2023,198,,2023-03-23,32336,E01033194,Central Bedfordshire 007G,Central Bedfordshire 007G,494456,240827,-0.62373,52.05779,25652544.3282547,33085.1834623633,9efca2d1-da9c-4d4c-bb77-a81dbc159f55,Central Bedfordshire 007G,E1,Rural village and dispersed,Rural,52.06658205,-0.63102201
329,31 January 2023,200,,2023-01-31,13268,E01013677,Leicester 036E,Leicester 036E,457368,298716,-1.15474,52.58325,263359.77936554,2550.8773193436,4205b2cd-851e-4fc3-9888-2270f7912bfb,Leicester 036E,C1  ,Urban city and town  ,Urban,52.5840935,-1.1487517
330,14 December 2022,200,,2022-12-14,13226,E01013633,Leicester 028A,Leicester 028A,456833,302876,-1.16192,52.6207,367410.781997681,2884.38601139399,cf9ba73f-aea2-4282-8ecd-bd9d110f8953,Leicester 028A,C1  ,Urban city and town  ,Urban,52.62079522620644,-1.16140114284363
333,25 January 2023,200,,2023-01-25,13318,E01013730,Leicester 039C,Leicester 039C,454553,304785,-1.19528,52.63809,155631.910430908,2439.46354027242,e7590733-93f2-4b89-802c-7cbdf5f04825,Leicester 039C,C1  ,Urban city and town  ,Urban,52.63856294402582,-1.1955064940858189
334,20 January 2023,200,,2023-01-20,13214,E01013621,Leicester 004C,Leicester 004C,457203,306965,-1.15575,52.65742,418747.688018799,3878.34435541818,af0156fd-0b51-4e2d-95fd-6a4dba2ef93f,Leicester 004C,C1  ,Urban city and town  ,Urban,52.6587077868186,-1.156425145855601
335,28 February 2023,200,,2023-02-28,13276,E01013685,Leicester 008D,Leicester 008D,457196,306176,-1.15599,52.65032,346002.733322144,2398.19692127581,ee33b001-c13e-42b6-87f1-231403399be5,Leicester 008D,C1  ,Urban city and town  ,Urban,52.65089023277611,-1.1541526205474433
336,19 January 2023,200,,2023-01-19,13193,E01013600,Leicester 003A,Leicester 003A,457758,308484,-1.14728,52.67101,515231.670730591,2781.25887258729,a76e3383-76ef-410c-a09f-a8e22fc42058,Leicester 003A,C1  ,Urban city and town  ,Urban,52.67023137001484,-1.144402036243716
337,09 March 2023,200,,2023-03-09,13216,E01013623,Leicester 004E,Leicester 004E,456454,306678,-1.16687,52.65491,1064698.80404663,4969.51679968493,e3a32a55-da25-40d4-9a0f-dfb13184ffa6,Leicester 004E,C1  ,Urban city and town  ,Urban,52.650134,-1.161924
338,07 February 2023,200,,2023-02-07,13314,E01013726,Leicester 012D,Leicester 012D,455827,305354,-1.17636,52.64308,654421.384429932,3364.46923787315,c9439994-f015-4f3e-b275-6fea7e0e2c86,Leicester 012D,C1  ,Urban city and town  ,Urban,52.64003879110286,-1.172899119318505
339,21 March 2023,200,,2023-03-21,13244,E01013653,Leicester 011C,Leicester 011C,461577,305677,-1.09133,52.64536,350505.428482056,2842.44331406878,9b200de7-3217-4db1-ac94-f39d71ddc32b,Leicester 011C,C1  ,Urban city and town  ,Urban,52.64532697,-1.09688841
342,19 April 2023,204,,2023-04-19,7358,E01007555,Doncaster 006B,Doncaster 006B,465539,409102,-1.01172,53.57445,458668.422393799,2882.63004655195,42d59229-21e1-49fa-a87f-284e4ed499cc,Doncaster 006B,C1  ,Urban city and town  ,Urban,53.5756429,-1.0132841
352,09 February 2023,199,,2023-02-09,17369,E01017888,Wycombe 002D,Wycombe 002D,483187,201623,-0.79748,51.70719,20254450.3698959,28124.4632531161,f0caf80e-ee39-43fa-a0c1-22eced4d31ae,Wycombe 002D,E1,Rural village and dispersed,Rural,51.71868057295182,-0.8222809859244967
353,17 March 2023,180,,2023-03-17,17135,E01017648,Aylesbury Vale 001A,Aylesbury Vale 001A,471439,233855,-0.96082,51.99856,3092318.25093842,11338.2090235588,3c55c055-bea3-42cf-9092-50451bf0d056,Aylesbury Vale 001A,C1  ,Urban city and town  ,Urban,51.9949907,-0.9732151
355,14 February 2023,200,,2023-02-14,13259,E01013668,Leicester 019F,Leicester 019F,462168,303442,-1.08302,52.6252,863737.669219971,4628.93429964265,44c341c9-c154-475d-894b-92536c178edc,Leicester 019F,C1  ,Urban city and town  ,Urban,52.62391846728461,-1.084136153397733
364,14 March 2023,200,,2023-03-14,11974,E01012362,Darlington 007A,Darlington 007A,428604,515706,-1.55946,54.53583,145610.993011475,1496.31594184642,bffd3651-0f53-4cd7-8af7-977534e844bf,Darlington 007A,C1  ,Urban city and town  ,Urban,54.534438,-1.556809
365,15 March 2023,200,,2023-03-15,8111,E01008325,Newcastle upon Tyne 015B,Newcastle upon Tyne 015B,419395,566456,-1.69841,54.99232,472177.550003052,2991.64737152983,70c42993-664a-4737-9d24-97bdefaedbf7,Newcastle upon Tyne 015B,A1,Urban major conurbation ,Urban,54.991392,-1.701828
